;Image;Cloud;Cropped;50um;20um
0;sample_1.jpg;sample_1.ply;sample_1_cropped.ply;1.67E-09;3.12E-08
1;sample_2.jpg;sample_2.ply;sample_2_cropped.ply;5.66E-10;3.38E-08
2;sample_3.jpg;sample_3.ply;sample_3_cropped.ply;9.94E-10;3.73E-08
3;sample_4.jpg;sample_4.ply;sample_4_cropped.ply;2.54E-09;3.03E-08
4;sample_5.jpg;sample_5.ply;sample_5_cropped.ply;3.42E-10;3.13E-08
5;sample_6.jpg;sample_6.ply;sample_6_cropped.ply;1.14E-09;2.73E-08
6;sample_7.jpg;sample_7.ply;sample_7_cropped.ply;1.66E-09;2.29E-08
7;sample_8.jpg;sample_8.ply;sample_8_cropped.ply;1.46E-09;2.58E-08
8;sample_9.jpg;sample_9.ply;sample_9_cropped.ply;1.36E-09;2.57E-08
9;sample_10.jpg;sample_10.ply;sample_10_cropped.ply;1.40E-08;1.56E-08
10;sample_11.jpg;sample_11.ply;sample_11_cropped.ply;3.44E-09;1.85E-08
11;sample_12.jpg;sample_12.ply;sample_12_cropped.ply;4.35E-09;1.73E-08
12;sample_13.jpg;sample_13.ply;sample_13_cropped.ply;8.32E-09;1.63E-08
13;sample_14.jpg;sample_14.ply;sample_14_cropped.ply;5.65E-09;1.59E-08
14;sample_15.jpg;sample_15.ply;sample_15_cropped.ply;4.87E-09;1.65E-08
15;sample_16.jpg;sample_16.ply;sample_16_cropped.ply;1.04E-08;1.19E-08
16;sample_17.jpg;sample_17.ply;sample_17_cropped.ply;8.48E-09;1.09E-08
17;sample_18.jpg;sample_18.ply;sample_18_cropped.ply;1.04E-08;1.22E-08
18;sample_19.jpg;sample_19.ply;sample_19_cropped.ply;1.33E-08;8.93E-09
19;sample_20.jpg;sample_20.ply;sample_20_cropped.ply;1.28E-08;8.50E-09
20;sample_21.jpg;sample_21.ply;sample_21_cropped.ply;1.46E-08;1.08E-08
21;sample_22.jpg;sample_22.ply;sample_22_cropped.ply;1.91E-08;4.57E-09
22;sample_23.jpg;sample_23.ply;sample_23_cropped.ply;1.70E-08;5.36E-09
23;sample_24.jpg;sample_24.ply;sample_24_cropped.ply;1.78E-08;5.76E-09
24;sample_25.jpg;sample_25.ply;sample_25_cropped.ply;2.38E-08;4.03E-09
25;sample_26.jpg;sample_26.ply;sample_26_cropped.ply;2.30E-08;8.30E-10
26;sample_27.jpg;sample_27.ply;sample_27_cropped.ply;2.14E-08;2.51E-09
27;sample_28.jpg;sample_28.ply;sample_28_cropped.ply;2.50E-08;3.09E-08
28;sample_29.jpg;sample_29.ply;sample_29_cropped.ply;2.58E-08;3.19E-08
29;sample_30.jpg;sample_30.ply;sample_30_cropped.ply;2.29E-08;2.86E-08
30;sample_31.jpg;sample_31.ply;sample_31_cropped.ply;1.49E-09;2.66E-08
31;sample_32.jpg;sample_32.ply;sample_32_cropped.ply;6.59E-09;2.74E-08
32;sample_33.jpg;sample_33.ply;sample_33_cropped.ply;1.59E-09;2.77E-08
33;sample_34.jpg;sample_34.ply;sample_34_cropped.ply;2.14E-09;2.09E-08
34;sample_35.jpg;sample_35.ply;sample_35_cropped.ply;3.86E-09;2.05E-08
35;sample_36.jpg;sample_36.ply;sample_36_cropped.ply;5.38E-09;2.16E-08
36;sample_37.jpg;sample_37.ply;sample_37_cropped.ply;7.78E-09;1.78E-08
37;sample_38.jpg;sample_38.ply;sample_38_cropped.ply;4.94E-09;1.80E-08
38;sample_39.jpg;sample_39.ply;sample_39_cropped.ply;4.50E-09;1.70E-08
39;sample_40.jpg;sample_40.ply;sample_40_cropped.ply;9.97E-09;1.56E-08
40;sample_41.jpg;sample_41.ply;sample_41_cropped.ply;9.85E-09;1.26E-08
41;sample_42.jpg;sample_42.ply;sample_42_cropped.ply;8.06E-09;1.56E-08
42;sample_43.jpg;sample_43.ply;sample_43_cropped.ply;1.01E-08;1.30E-08
43;sample_44.jpg;sample_44.ply;sample_44_cropped.ply;1.06E-08;1.15E-08
44;sample_45.jpg;sample_45.ply;sample_45_cropped.ply;7.92E-09;9.04E-09
45;sample_46.jpg;sample_46.ply;sample_46_cropped.ply;1.46E-08;1.04E-08
46;sample_47.jpg;sample_47.ply;sample_47_cropped.ply;1.48E-08;9.16E-09
47;sample_48.jpg;sample_48.ply;sample_48_cropped.ply;1.68E-08;9.00E-09
48;sample_49.jpg;sample_49.ply;sample_49_cropped.ply;2.05E-08;4.72E-09
49;sample_50.jpg;sample_50.ply;sample_50_cropped.ply;2.17E-08;5.38E-09
50;sample_51.jpg;sample_51.ply;sample_51_cropped.ply;1.98E-08;5.12E-09
51;sample_52.jpg;sample_52.ply;sample_52_cropped.ply;2.29E-08;2.21E-09
52;sample_53.jpg;sample_53.ply;sample_53_cropped.ply;2.55E-08;1.23E-09
53;sample_54.jpg;sample_54.ply;sample_54_cropped.ply;2.62E-08;7.06E-10
54;sample_55.jpg;sample_55.ply;sample_55_cropped.ply;1.19E-08;1.15E-08
55;sample_56.jpg;sample_56.ply;sample_56_cropped.ply;1.10E-08;1.40E-08
56;sample_57.jpg;sample_57.ply;sample_57_cropped.ply;1.18E-08;1.53E-08
57;sample_58.jpg;sample_58.ply;sample_58_cropped.ply;1.13E-08;1.57E-08
58;sample_59.jpg;sample_59.ply;sample_59_cropped.ply;9.39E-09;1.48E-08
59;sample_60.jpg;sample_60.ply;sample_60_cropped.ply;8.88E-09;1.49E-08
60;sample_61.jpg;sample_61.ply;sample_61_cropped.ply;1.03E-08;1.40E-08
61;sample_62.jpg;sample_62.ply;sample_62_cropped.ply;9.60E-09;1.57E-08
62;sample_63.jpg;sample_63.ply;sample_63_cropped.ply;1.28E-08;1.48E-08
63;sample_64.jpg;sample_64.ply;sample_64_cropped.ply;1.15E-08;1.59E-08
64;sample_65.jpg;sample_65.ply;sample_65_cropped.ply;1.10E-08;1.65E-08
65;sample_66.jpg;sample_66.ply;sample_66_cropped.ply;1.08E-08;1.64E-08
66;sample_67.jpg;sample_67.ply;sample_67_cropped.ply;1.14E-08;1.61E-08
67;sample_68.jpg;sample_68.ply;sample_68_cropped.ply;1.12E-08;1.66E-08
68;sample_69.jpg;sample_69.ply;sample_69_cropped.ply;9.60E-09;1.52E-08
69;sample_70.jpg;sample_70.ply;sample_70_cropped.ply;9.79E-09;1.48E-08
70;sample_71.jpg;sample_71.ply;sample_71_cropped.ply;1.36E-08;1.62E-08
71;sample_72.jpg;sample_72.ply;sample_72_cropped.ply;1.08E-08;1.77E-08
72;sample_73.jpg;sample_73.ply;sample_73_cropped.ply;1.31E-08;1.40E-08
73;sample_74.jpg;sample_74.ply;sample_74_cropped.ply;1.27E-08;1.58E-08
74;sample_75.jpg;sample_75.ply;sample_75_cropped.ply;7.79E-09;1.56E-08
75;sample_76.jpg;sample_76.ply;sample_76_cropped.ply;9.43E-09;1.51E-08
76;sample_77.jpg;sample_77.ply;sample_77_cropped.ply;1.28E-08;1.51E-08
77;sample_78.jpg;sample_78.ply;sample_78_cropped.ply;1.10E-08;1.44E-08
78;sample_79.jpg;sample_79.ply;sample_79_cropped.ply;1.29E-08;1.45E-08
79;sample_80.jpg;sample_80.ply;sample_80_cropped.ply;1.29E-08;1.55E-08
80;sample_81.jpg;sample_81.ply;sample_81_cropped.ply;1.39E-08;1.32E-08
81;sample_82.jpg;sample_82.ply;sample_82_cropped.ply;1.20E-08;1.72E-08
82;sample_83.jpg;sample_83.ply;sample_83_cropped.ply;1.19E-08;1.57E-08
83;sample_84.jpg;sample_84.ply;sample_84_cropped.ply;1.50E-08;1.51E-08
84;sample_85.jpg;sample_85.ply;sample_85_cropped.ply;1.16E-08;1.62E-08
85;sample_86.jpg;sample_86.ply;sample_86_cropped.ply;1.03E-08;1.59E-08
86;sample_87.jpg;sample_87.ply;sample_87_cropped.ply;1.00E-08;1.67E-08
87;sample_88.jpg;sample_88.ply;sample_88_cropped.ply;1.04E-08;1.64E-08
88;sample_89.jpg;sample_89.ply;sample_89_cropped.ply;1.16E-08;1.07E-08
89;sample_90.jpg;sample_90.ply;sample_90_cropped.ply;1.05E-08;1.58E-08
90;sample_91.jpg;sample_91.ply;sample_91_cropped.ply;1.56E-08;1.44E-08
91;sample_92.jpg;sample_92.ply;sample_92_cropped.ply;1.19E-08;1.52E-08
92;sample_93.jpg;sample_93.ply;sample_93_cropped.ply;9.17E-09;1.71E-08
93;sample_94.jpg;sample_94.ply;sample_94_cropped.ply;1.41E-08;1.69E-08
94;sample_95.jpg;sample_95.ply;sample_95_cropped.ply;1.13E-08;1.49E-08
95;sample_96.jpg;sample_96.ply;sample_96_cropped.ply;1.03E-08;1.41E-08
96;sample_97.jpg;sample_97.ply;sample_97_cropped.ply;9.26E-09;1.75E-08
97;sample_98.jpg;sample_98.ply;sample_98_cropped.ply;1.15E-08;1.45E-08
98;sample_99.jpg;sample_99.ply;sample_99_cropped.ply;1.30E-08;1.44E-08
99;sample_100.jpg;sample_100.ply;sample_100_cropped.ply;9.38E-09;1.40E-08
100;sample_101.jpg;sample_101.ply;sample_101_cropped.ply;1.16E-08;1.47E-08
101;sample_102.jpg;sample_102.ply;sample_102_cropped.ply;1.10E-08;1.42E-08
102;sample_103.jpg;sample_103.ply;sample_103_cropped.ply;1.36E-08;1.45E-08
103;sample_104.jpg;sample_104.ply;sample_104_cropped.ply;1.00E-08;1.49E-08
104;sample_105.jpg;sample_105.ply;sample_105_cropped.ply;1.41E-08;1.32E-08
105;sample_106.jpg;sample_106.ply;sample_106_cropped.ply;1.11E-08;1.21E-08
106;sample_107.jpg;sample_107.ply;sample_107_cropped.ply;1.27E-08;1.39E-08
107;sample_108.jpg;sample_108.ply;sample_108_cropped.ply;1.19E-08;1.64E-08
108;sample_109.jpg;sample_109.ply;sample_109_cropped.ply;2.43E-09;6.97E-09
109;sample_110.jpg;sample_110.ply;sample_110_cropped.ply;2.85E-09;1.04E-08
110;sample_111.jpg;sample_111.ply;sample_111_cropped.ply;6.51E-09;7.75E-09
111;sample_112.jpg;sample_112.ply;sample_112_cropped.ply;3.11E-09;8.82E-09
112;sample_113.jpg;sample_113.ply;sample_113_cropped.ply;3.28E-09;1.02E-08
113;sample_114.jpg;sample_114.ply;sample_114_cropped.ply;7.51E-09;8.59E-09
114;sample_115.jpg;sample_115.ply;sample_115_cropped.ply;1.82E-09;7.44E-09
115;sample_116.jpg;sample_116.ply;sample_116_cropped.ply;2.81E-09;7.81E-09
116;sample_117.jpg;sample_117.ply;sample_117_cropped.ply;3.37E-09;8.27E-09
117;sample_118.jpg;sample_118.ply;sample_118_cropped.ply;2.07E-09;7.16E-09
118;sample_119.jpg;sample_119.ply;sample_119_cropped.ply;1.99E-09;6.94E-09
119;sample_120.jpg;sample_120.ply;sample_120_cropped.ply;3.16E-09;6.82E-09
120;sample_121.jpg;sample_121.ply;sample_121_cropped.ply;1.03E-09;7.39E-09
121;sample_122.jpg;sample_122.ply;sample_122_cropped.ply;2.50E-09;8.37E-09
122;sample_123.jpg;sample_123.ply;sample_123_cropped.ply;4.17E-09;8.36E-09
123;sample_124.jpg;sample_124.ply;sample_124_cropped.ply;1.15E-09;7.70E-09
124;sample_125.jpg;sample_125.ply;sample_125_cropped.ply;1.32E-09;1.13E-08
125;sample_126.jpg;sample_126.ply;sample_126_cropped.ply;3.25E-09;6.87E-09
126;sample_127.jpg;sample_127.ply;sample_127_cropped.ply;3.35E-09;8.56E-09
127;sample_128.jpg;sample_128.ply;sample_128_cropped.ply;1.46E-09;7.93E-09
128;sample_129.jpg;sample_129.ply;sample_129_cropped.ply;3.74E-09;1.00E-08
129;sample_130.jpg;sample_130.ply;sample_130_cropped.ply;1.45E-09;9.43E-09
130;sample_131.jpg;sample_131.ply;sample_131_cropped.ply;3.55E-09;9.41E-09
131;sample_132.jpg;sample_132.ply;sample_132_cropped.ply;4.06E-09;8.30E-09
132;sample_133.jpg;sample_133.ply;sample_133_cropped.ply;1.98E-09;8.95E-09
133;sample_134.jpg;sample_134.ply;sample_134_cropped.ply;1.63E-09;9.39E-09
134;sample_135.jpg;sample_135.ply;sample_135_cropped.ply;3.51E-09;1.14E-08
135;sample_136.jpg;sample_136.ply;sample_136_cropped.ply;1.74E-09;1.21E-08
136;sample_137.jpg;sample_137.ply;sample_137_cropped.ply;1.91E-09;1.10E-08
137;sample_138.jpg;sample_138.ply;sample_138_cropped.ply;4.03E-09;1.07E-08
138;sample_139.jpg;sample_139.ply;sample_139_cropped.ply;5.92E-09;1.07E-08
139;sample_140.jpg;sample_140.ply;sample_140_cropped.ply;2.61E-09;1.09E-08
140;sample_141.jpg;sample_141.ply;sample_141_cropped.ply;5.84E-09;1.15E-08
141;sample_142.jpg;sample_142.ply;sample_142_cropped.ply;5.22E-09;1.31E-08
142;sample_143.jpg;sample_143.ply;sample_143_cropped.ply;1.54E-09;1.22E-08
143;sample_144.jpg;sample_144.ply;sample_144_cropped.ply;2.66E-09;9.50E-09
144;sample_145.jpg;sample_145.ply;sample_145_cropped.ply;4.63E-09;1.27E-08
145;sample_146.jpg;sample_146.ply;sample_146_cropped.ply;2.86E-09;1.01E-08
146;sample_147.jpg;sample_147.ply;sample_147_cropped.ply;3.28E-09;9.81E-09
147;sample_148.jpg;sample_148.ply;sample_148_cropped.ply;5.08E-09;1.06E-08
148;sample_149.jpg;sample_149.ply;sample_149_cropped.ply;5.26E-09;9.10E-09
149;sample_150.jpg;sample_150.ply;sample_150_cropped.ply;3.23E-09;7.81E-09
150;sample_151.jpg;sample_151.ply;sample_151_cropped.ply;7.62E-09;1.09E-08
151;sample_152.jpg;sample_152.ply;sample_152_cropped.ply;2.75E-09;8.53E-09
152;sample_153.jpg;sample_153.ply;sample_153_cropped.ply;2.79E-09;1.10E-08
153;sample_154.jpg;sample_154.ply;sample_154_cropped.ply;7.93E-09;8.54E-09
154;sample_155.jpg;sample_155.ply;sample_155_cropped.ply;5.34E-09;9.06E-09
155;sample_156.jpg;sample_156.ply;sample_156_cropped.ply;3.19E-09;8.71E-09
156;sample_157.jpg;sample_157.ply;sample_157_cropped.ply;7.38E-09;9.98E-09
157;sample_158.jpg;sample_158.ply;sample_158_cropped.ply;3.98E-09;6.18E-09
158;sample_159.jpg;sample_159.ply;sample_159_cropped.ply;4.26E-09;8.75E-09
159;sample_160.jpg;sample_160.ply;sample_160_cropped.ply;4.92E-09;9.38E-09
160;sample_161.jpg;sample_161.ply;sample_161_cropped.ply;3.71E-09;8.30E-09
161;sample_162.jpg;sample_162.ply;sample_162_cropped.ply;6.15E-09;9.73E-09
162;sample_163.jpg;sample_163.ply;sample_163_cropped.ply;1.75E-10;6.49E-09
163;sample_164.jpg;sample_164.ply;sample_164_cropped.ply;7.28E-10;6.73E-09
164;sample_165.jpg;sample_165.ply;sample_165_cropped.ply;1.20E-09;5.69E-09
165;sample_166.jpg;sample_166.ply;sample_166_cropped.ply;6.13E-09;6.28E-09
166;sample_167.jpg;sample_167.ply;sample_167_cropped.ply;4.51E-09;6.89E-09
167;sample_168.jpg;sample_168.ply;sample_168_cropped.ply;6.06E-09;7.03E-09
168;sample_169.jpg;sample_169.ply;sample_169_cropped.ply;1.87E-09;4.74E-09
169;sample_170.jpg;sample_170.ply;sample_170_cropped.ply;3.88E-09;6.76E-09
170;sample_171.jpg;sample_171.ply;sample_171_cropped.ply;2.91E-09;7.30E-09
171;sample_172.jpg;sample_172.ply;sample_172_cropped.ply;2.42E-09;6.11E-09
172;sample_173.jpg;sample_173.ply;sample_173_cropped.ply;3.59E-09;9.11E-09
173;sample_174.jpg;sample_174.ply;sample_174_cropped.ply;1.01E-09;1.00E-08
174;sample_175.jpg;sample_175.ply;sample_175_cropped.ply;1.39E-09;1.00E-08
175;sample_176.jpg;sample_176.ply;sample_176_cropped.ply;2.82E-09;1.15E-08
176;sample_177.jpg;sample_177.ply;sample_177_cropped.ply;1.41E-09;6.98E-09
177;sample_178.jpg;sample_178.ply;sample_178_cropped.ply;3.84E-09;8.30E-09
178;sample_179.jpg;sample_179.ply;sample_179_cropped.ply;2.05E-09;9.89E-09
179;sample_180.jpg;sample_180.ply;sample_180_cropped.ply;1.15E-09;9.93E-09
180;sample_181.jpg;sample_181.ply;sample_181_cropped.ply;1.16E-09;1.06E-08
181;sample_182.jpg;sample_182.ply;sample_182_cropped.ply;9.64E-10;1.08E-08
182;sample_183.jpg;sample_183.ply;sample_183_cropped.ply;8.16E-10;8.22E-09
183;sample_184.jpg;sample_184.ply;sample_184_cropped.ply;8.71E-10;9.65E-09
184;sample_185.jpg;sample_185.ply;sample_185_cropped.ply;7.00E-10;9.29E-09
185;sample_186.jpg;sample_186.ply;sample_186_cropped.ply;1.19E-09;1.33E-08
186;sample_187.jpg;sample_187.ply;sample_187_cropped.ply;6.95E-10;8.85E-09
187;sample_188.jpg;sample_188.ply;sample_188_cropped.ply;3.59E-10;8.44E-09
188;sample_189.jpg;sample_189.ply;sample_189_cropped.ply;0;1.44E-08
189;sample_190.jpg;sample_190.ply;sample_190_cropped.ply;2.85E-10;5.78E-09
190;sample_191.jpg;sample_191.ply;sample_191_cropped.ply;2.85E-10;4.57E-09
191;sample_192.jpg;sample_192.ply;sample_192_cropped.ply;7.39E-10;5.19E-09
192;sample_193.jpg;sample_193.ply;sample_193_cropped.ply;1.11E-09;7.07E-09
193;sample_194.jpg;sample_194.ply;sample_194_cropped.ply;4.86E-10;5.49E-09
194;sample_195.jpg;sample_195.ply;sample_195_cropped.ply;5.11E-10;5.45E-09
195;sample_196.jpg;sample_196.ply;sample_196_cropped.ply;1.67E-10;4.28E-09
196;sample_197.jpg;sample_197.ply;sample_197_cropped.ply;4.30E-10;6.48E-09
197;sample_198.jpg;sample_198.ply;sample_198_cropped.ply;5.74E-10;8.27E-09
198;sample_199.jpg;sample_199.ply;sample_199_cropped.ply;9.30E-10;5.36E-09
199;sample_200.jpg;sample_200.ply;sample_200_cropped.ply;7.93E-10;5.96E-09
200;sample_201.jpg;sample_201.ply;sample_201_cropped.ply;8.70E-10;5.96E-09
201;sample_202.jpg;sample_202.ply;sample_202_cropped.ply;8.64E-10;5.44E-09
202;sample_203.jpg;sample_203.ply;sample_203_cropped.ply;8.00E-10;5.21E-09
203;sample_204.jpg;sample_204.ply;sample_204_cropped.ply;5.17E-10;4.94E-09
204;sample_205.jpg;sample_205.ply;sample_205_cropped.ply;1.04E-09;5.40E-09
205;sample_206.jpg;sample_206.ply;sample_206_cropped.ply;0;6.19E-09
206;sample_207.jpg;sample_207.ply;sample_207_cropped.ply;1.37E-09;5.92E-09
207;sample_208.jpg;sample_208.ply;sample_208_cropped.ply;0;6.04E-09
208;sample_209.jpg;sample_209.ply;sample_209_cropped.ply;8.82E-11;6.67E-09
209;sample_210.jpg;sample_210.ply;sample_210_cropped.ply;2.42E-09;7.22E-09
210;sample_211.jpg;sample_211.ply;sample_211_cropped.ply;7.78E-11;6.58E-09
211;sample_212.jpg;sample_212.ply;sample_212_cropped.ply;7.99E-11;6.99E-09
212;sample_213.jpg;sample_213.ply;sample_213_cropped.ply;1.58E-09;6.66E-09
213;sample_214.jpg;sample_214.ply;sample_214_cropped.ply;0;5.99E-09
214;sample_215.jpg;sample_215.ply;sample_215_cropped.ply;1.65E-10;6.13E-09
215;sample_216.jpg;sample_216.ply;sample_216_cropped.ply;1.28E-09;6.89E-09
216;sample_217.jpg;sample_217.ply;sample_217_cropped.ply;1.15E-08;1.21E-08
217;sample_218.jpg;sample_218.ply;sample_218_cropped.ply;1.25E-08;1.36E-08
218;sample_219.jpg;sample_219.ply;sample_219_cropped.ply;7.76E-09;1.37E-08
219;sample_220.jpg;sample_220.ply;sample_220_cropped.ply;1.23E-08;1.38E-08
220;sample_221.jpg;sample_221.ply;sample_221_cropped.ply;1.36E-08;1.28E-08
221;sample_222.jpg;sample_222.ply;sample_222_cropped.ply;1.44E-08;1.52E-08
222;sample_223.jpg;sample_223.ply;sample_223_cropped.ply;1.12E-08;1.38E-08
223;sample_224.jpg;sample_224.ply;sample_224_cropped.ply;1.06E-08;1.41E-08
224;sample_225.jpg;sample_225.ply;sample_225_cropped.ply;1.26E-08;1.30E-08
225;sample_226.jpg;sample_226.ply;sample_226_cropped.ply;1.09E-08;1.38E-08
226;sample_227.jpg;sample_227.ply;sample_227_cropped.ply;1.22E-08;1.27E-08
227;sample_228.jpg;sample_228.ply;sample_228_cropped.ply;1.12E-08;1.54E-08
228;sample_229.jpg;sample_229.ply;sample_229_cropped.ply;9.80E-09;1.46E-08
229;sample_230.jpg;sample_230.ply;sample_230_cropped.ply;9.75E-09;1.73E-08
230;sample_231.jpg;sample_231.ply;sample_231_cropped.ply;1.34E-08;1.61E-08
231;sample_232.jpg;sample_232.ply;sample_232_cropped.ply;1.10E-08;1.51E-08
232;sample_233.jpg;sample_233.ply;sample_233_cropped.ply;1.23E-08;1.57E-08
233;sample_234.jpg;sample_234.ply;sample_234_cropped.ply;1.14E-08;1.62E-08
234;sample_235.jpg;sample_235.ply;sample_235_cropped.ply;1.06E-08;1.46E-08
235;sample_236.jpg;sample_236.ply;sample_236_cropped.ply;1.01E-08;1.51E-08
236;sample_237.jpg;sample_237.ply;sample_237_cropped.ply;1.07E-08;1.29E-08
237;sample_238.jpg;sample_238.ply;sample_238_cropped.ply;1.12E-08;1.42E-08
238;sample_239.jpg;sample_239.ply;sample_239_cropped.ply;1.11E-08;1.60E-08
239;sample_240.jpg;sample_240.ply;sample_240_cropped.ply;1.03E-08;1.54E-08
240;sample_241.jpg;sample_241.ply;sample_241_cropped.ply;1.05E-08;1.56E-08
241;sample_242.jpg;sample_242.ply;sample_242_cropped.ply;8.92E-09;1.75E-08
242;sample_243.jpg;sample_243.ply;sample_243_cropped.ply;1.18E-08;1.80E-08
243;sample_244.jpg;sample_244.ply;sample_244_cropped.ply;1.44E-08;1.63E-08
244;sample_245.jpg;sample_245.ply;sample_245_cropped.ply;1.10E-08;1.29E-08
245;sample_246.jpg;sample_246.ply;sample_246_cropped.ply;1.30E-08;1.30E-08
246;sample_247.jpg;sample_247.ply;sample_247_cropped.ply;1.10E-08;1.44E-08
247;sample_248.jpg;sample_248.ply;sample_248_cropped.ply;1.09E-08;1.38E-08
248;sample_249.jpg;sample_249.ply;sample_249_cropped.ply;1.29E-08;1.41E-08
249;sample_250.jpg;sample_250.ply;sample_250_cropped.ply;1.10E-08;1.59E-08
250;sample_251.jpg;sample_251.ply;sample_251_cropped.ply;9.75E-09;1.56E-08
251;sample_252.jpg;sample_252.ply;sample_252_cropped.ply;1.12E-08;1.47E-08
252;sample_253.jpg;sample_253.ply;sample_253_cropped.ply;1.23E-08;1.20E-08
253;sample_254.jpg;sample_254.ply;sample_254_cropped.ply;7.81E-09;1.23E-08
254;sample_255.jpg;sample_255.ply;sample_255_cropped.ply;7.79E-09;1.30E-08
255;sample_256.jpg;sample_256.ply;sample_256_cropped.ply;1.39E-08;1.68E-08
256;sample_257.jpg;sample_257.ply;sample_257_cropped.ply;1.17E-08;1.42E-08
257;sample_258.jpg;sample_258.ply;sample_258_cropped.ply;1.35E-08;1.71E-08
258;sample_259.jpg;sample_259.ply;sample_259_cropped.ply;1.03E-08;1.66E-08
259;sample_260.jpg;sample_260.ply;sample_260_cropped.ply;1.56E-08;1.62E-08
260;sample_261.jpg;sample_261.ply;sample_261_cropped.ply;1.16E-08;1.45E-08
261;sample_262.jpg;sample_262.ply;sample_262_cropped.ply;1.20E-08;1.42E-08
262;sample_263.jpg;sample_263.ply;sample_263_cropped.ply;1.05E-08;1.25E-08
263;sample_264.jpg;sample_264.ply;sample_264_cropped.ply;9.66E-09;1.58E-08
264;sample_265.jpg;sample_265.ply;sample_265_cropped.ply;8.40E-09;1.37E-08
265;sample_266.jpg;sample_266.ply;sample_266_cropped.ply;1.00E-08;1.74E-08
266;sample_267.jpg;sample_267.ply;sample_267_cropped.ply;1.03E-08;1.56E-08
267;sample_268.jpg;sample_268.ply;sample_268_cropped.ply;1.34E-08;1.70E-08
268;sample_269.jpg;sample_269.ply;sample_269_cropped.ply;8.74E-09;1.66E-08
269;sample_270.jpg;sample_270.ply;sample_270_cropped.ply;1.03E-08;1.77E-08
270;sample_271.jpg;sample_271.ply;sample_271_cropped.ply;8.32E-10;3.40E-08
271;sample_272.jpg;sample_272.ply;sample_272_cropped.ply;1.35E-09;4.31E-08
272;sample_273.jpg;sample_273.ply;sample_273_cropped.ply;0;4.21E-08
273;sample_274.jpg;sample_274.ply;sample_274_cropped.ply;8.29E-10;3.70E-08
274;sample_275.jpg;sample_275.ply;sample_275_cropped.ply;2.36E-09;4.06E-08
275;sample_276.jpg;sample_276.ply;sample_276_cropped.ply;3.42E-09;3.68E-08
276;sample_277.jpg;sample_277.ply;sample_277_cropped.ply;4.97E-09;3.13E-08
277;sample_278.jpg;sample_278.ply;sample_278_cropped.ply;6.37E-09;3.87E-08
278;sample_279.jpg;sample_279.ply;sample_279_cropped.ply;7.50E-09;2.96E-08
279;sample_280.jpg;sample_280.ply;sample_280_cropped.ply;7.68E-09;3.14E-08
280;sample_281.jpg;sample_281.ply;sample_281_cropped.ply;1.10E-08;3.31E-08
281;sample_282.jpg;sample_282.ply;sample_282_cropped.ply;3.76E-09;2.65E-08
282;sample_283.jpg;sample_283.ply;sample_283_cropped.ply;1.73E-08;2.76E-08
283;sample_284.jpg;sample_284.ply;sample_284_cropped.ply;2.27E-08;3.37E-08
284;sample_285.jpg;sample_285.ply;sample_285_cropped.ply;1.51E-08;2.65E-08
285;sample_286.jpg;sample_286.ply;sample_286_cropped.ply;1.72E-08;2.41E-08
286;sample_287.jpg;sample_287.ply;sample_287_cropped.ply;1.82E-08;2.47E-08
287;sample_288.jpg;sample_288.ply;sample_288_cropped.ply;1.28E-08;1.86E-08
288;sample_289.jpg;sample_289.ply;sample_289_cropped.ply;1.46E-08;1.93E-08
289;sample_290.jpg;sample_290.ply;sample_290_cropped.ply;2.15E-08;2.11E-08
290;sample_291.jpg;sample_291.ply;sample_291_cropped.ply;1.56E-08;1.88E-08
291;sample_292.jpg;sample_292.ply;sample_292_cropped.ply;2.32E-08;1.38E-08
292;sample_293.jpg;sample_293.ply;sample_293_cropped.ply;2.31E-08;1.52E-08
293;sample_294.jpg;sample_294.ply;sample_294_cropped.ply;2.18E-08;1.53E-08
294;sample_295.jpg;sample_295.ply;sample_295_cropped.ply;1.87E-08;9.32E-09
295;sample_296.jpg;sample_296.ply;sample_296_cropped.ply;2.73E-08;8.99E-09
296;sample_297.jpg;sample_297.ply;sample_297_cropped.ply;2.58E-08;8.62E-09
